<list>
  <com.fluidops.iwb.datasource.XLSTable>
    <config class="com.fluidops.iwb.datasource.XLSTable$Config">
      <authentication>
        <credentials>
          <username></username>
          <password>********</password>
        </credentials>
      </authentication>
      <location>./data/dataops/20170628-084732</location>
    </config>
    <identifier class="org.openrdf.model.impl.URIImpl">http://www.fluidops.com/resource/Scrum-excel-sheet</identifier>
    <metaDataURI class="org.openrdf.model.impl.URIImpl">http://www.fluidops.com/resource/Scrum-excel-sheet/MetaData</metaDataURI>
  </com.fluidops.iwb.datasource.XLSTable>
</list>