<list>
  <com.fluidops.iwb.provider.R2RMLProvider secrets__id="http://www.fluidops.com/resource/EinkommenDaten-provider" secrets__type="IWBProvider">
    <config class="com.fluidops.iwb.provider.R2RMLProvider$Config">
      <dataSource class="org.openrdf.model.impl.URIImpl">http://www.fluidops.com/resource/EinkommenDaten</dataSource>
      <mappingIdentifier class="org.openrdf.model.impl.URIImpl">http://www.fluidops.com/resource/EinkommenDaten/MappingCollection52358027415431692040762500293264</mappingIdentifier>
      <inMemory>true</inMemory>
    </config>
    <postProcessors/>
    <targetRepository></targetRepository>
    <schedulingConfig class="com.fluidops.util.concurrent.SchedulingConfigImpl">
      <enabled>false</enabled>
      <pollInterval>0</pollInterval>
    </schedulingConfig>
    <lastStartTime>2017-07-26 07:16:54.663 UTC</lastStartTime>
    <lastUpdate>2017-07-26 07:17:02.783 UTC</lastUpdate>
    <lastDuration>8120</lastDuration>
    <providerID class="org.openrdf.model.impl.URIImpl">http://www.fluidops.com/resource/EinkommenDaten-provider</providerID>
    <size>7404</size>
    <providerDataEditable>false</providerDataEditable>
    <userModified>true</userModified>
    <deleted>false</deleted>
  </com.fluidops.iwb.provider.R2RMLProvider>
</list>