<list>
  <com.fluidops.iwb.provider.R2RMLProvider secrets__id="http://www.fluidops.com/resource/Gemeindeverzeichnis-provider" secrets__type="IWBProvider">
    <config class="com.fluidops.iwb.provider.R2RMLProvider$Config">
      <dataSource class="org.openrdf.model.impl.URIImpl">http://www.fluidops.com/resource/Gemeindeverzeichnis</dataSource>
      <mappingIdentifier class="org.openrdf.model.impl.URIImpl">http://www.fluidops.com/resource/Gemeindeverzeichnis/MappingCollection51239208485603716630683718282185</mappingIdentifier>
      <inMemory>true</inMemory>
    </config>
    <postProcessors/>
    <targetRepository></targetRepository>
    <schedulingConfig class="com.fluidops.util.concurrent.SchedulingConfigImpl">
      <enabled>false</enabled>
      <pollInterval>0</pollInterval>
    </schedulingConfig>
    <lastStartTime>2017-07-28 10:02:24.910 UTC</lastStartTime>
    <lastUpdate>2017-07-28 10:03:24.668 UTC</lastUpdate>
    <lastDuration>59758</lastDuration>
    <providerID class="org.openrdf.model.impl.URIImpl">http://www.fluidops.com/resource/Gemeindeverzeichnis-provider</providerID>
    <size>240207</size>
    <providerDataEditable>false</providerDataEditable>
    <userModified>true</userModified>
    <deleted>false</deleted>
  </com.fluidops.iwb.provider.R2RMLProvider>
</list>