<list>
  <com.fluidops.iwb.provider.R2RMLProvider secrets__id="http://www.fluidops.com/resource/StatistischesBundesamtDaten-provider" secrets__type="IWBProvider">
    <config class="com.fluidops.iwb.provider.R2RMLProvider$Config">
      <dataSource class="org.openrdf.model.impl.URIImpl">http://www.fluidops.com/resource/StatistischesBundesamtDaten</dataSource>
      <mappingIdentifier class="org.openrdf.model.impl.URIImpl">http://www.fluidops.com/resource/StatistischesBundesamtDaten/MappingCollection50496222048752114028654787252975</mappingIdentifier>
      <inMemory>true</inMemory>
    </config>
    <postProcessors/>
    <targetRepository></targetRepository>
    <schedulingConfig class="com.fluidops.util.concurrent.SchedulingConfigImpl">
      <enabled>false</enabled>
      <pollInterval>0</pollInterval>
    </schedulingConfig>
    <lastStartTime>2017-07-26 07:16:54.630 UTC</lastStartTime>
    <lastUpdate>2017-07-26 07:18:33.179 UTC</lastUpdate>
    <lastDuration>98549</lastDuration>
    <providerID class="org.openrdf.model.impl.URIImpl">http://www.fluidops.com/resource/StatistischesBundesamtDaten-provider</providerID>
    <size>258333</size>
    <providerDataEditable>false</providerDataEditable>
    <userModified>true</userModified>
    <deleted>false</deleted>
  </com.fluidops.iwb.provider.R2RMLProvider>
</list>